{
  "P@1": 0.8637820512820513,
  "P@3": 0.8536324786324786,
  "P@5": 0.8451923076923077,
  "P@10": 0.8299679487179487,
  "N_test": 624,
  "embedding_dim": 512,
  "index": "faiss"
}